high H2 cell, high H2 kapton, low H2 cell, low H2 kapton, O2 cell, O2 kapton
0.33775766070394087, 0.3257372264654034, 0.309791842262247, 0.313120287055, 0.1070018094501802, 0.11171498801799325
